{
  "pixel_device": {
    "ip_address": "192.168.1.198",
    "ssh_user": "root",
    "ssh_key_path": "/opt/media-pipeline/.ssh/pixel_key"
  },
  "telegram": {
    "bot_token": "YOUR_TELEGRAM_BOT_TOKEN",
    "chat_id": "YOUR_TELEGRAM_CHAT_ID",
    "enabled": true,
    "debug_mode": false
  },
  "backup_settings": {
    "enabled": true,
    "interval_seconds": 60,
    "auto_backup_enabled": true,
    "backup_photos": true,
    "backup_videos": true,
    "backup_screenshots": true,
    "backup_downloads": false,
    "wifi_only": false,
    "cellular_backup": true
  },
  "monitoring": {
    "directories": [
      "/sdcard/DCIM/Camera",
      "/sdcard/Pictures/Screenshots",
      "/sdcard/Download"
    ],
    "supported_formats": [".jpg", ".jpeg", ".png", ".heic", ".mov", ".mp4"],
    "file_size_limit_mb": 100
  },
  "cleanup": {
    "enabled": false,
    "delete_after_backup_hours": 24,
    "keep_originals": true,
    "backup_to_server": true
  }
}